{
  "model_type": "logistic_regression",
  "feature_names": [
    "prev_day_violations",
    "prev_day_logout_attempts",
    "prev_day_events",
    "prev_3d_violations",
    "prev_7d_violations",
    "prev_7d_logout_attempts",
    "weekday",
    "avg_period_today"
  ],
  "standardization": {
    "means": [
      0.75,
      0.5,
      1.25,
      1.0,
      1.0,
      0.75,
      0.25,
      3.75
    ],
    "stds": [
      0.4330127018922193,
      0.5,
      0.4330127018922193,
      0.7071067811865476,
      0.7071067811865476,
      0.4330127018922193,
      0.4330127018922193,
      2.384848003542364
    ]
  },
  "weights": [
    0.7017207353924158,
    -1.7761302253053393,
    -1.3512465906751339,
    0.8511565974629068,
    0.851280038784263,
    -1.3451018401918464,
    0.6856134739454586,
    -0.002983299415053661
  ],
  "bias": -0.0004675864138218822,
  "metrics": {
    "train": {
      "accuracy": 1.0,
      "precision": 1.0,
      "recall": 1.0,
      "f1": 1.0,
      "confusion": {
        "tp": 2,
        "fp": 0,
        "tn": 2,
        "fn": 0
      },
      "avg_probability": 0.5
    },
    "test": {
      "accuracy": 1.0,
      "precision": 1.0,
      "recall": 1.0,
      "f1": 1.0,
      "confusion": {
        "tp": 2,
        "fp": 0,
        "tn": 0,
        "fn": 0
      },
      "avg_probability": 0.9834
    },
    "sample_count": 6,
    "train_samples": 4,
    "test_samples": 2
  },
  "trained_at": "2026-03-28T10:37:11.196830Z",
  "target_definition": "1 if student has >=1 violation on next day, else 0"
}