{
  "modelType": "python-logistic-regression",
  "labels": [
    "Easy",
    "Medium",
    "Hard"
  ],
  "weights": [
    [
      1.3088931936243218,
      0.2712197295579255,
      -1.5801129231822486
    ],
    [
      -3.484135261923004,
      0.010473538729752709,
      3.4736617231932554
    ]
  ],
  "xMin": 1.0,
  "xMax": 7.0,
  "span": 6.0,
  "trainedSampleCount": 225,
  "trainedAt": "2026-03-29T16:54:06.658302+00:00"
}